Workbook
Name PropertyStatusList: ValidationList!$B$2:$B$3
Name PropertyTypeList: ValidationList!$A$2:$A$3

Sheet Landlords
A1: Landlord_ID | B1: Landlord_Name | C1: Property_Count | D1: City | E1: Contact_Status
A2: L0001 | B2: Landlord_1 | C2: 7 | D2: San Francisco | E2: Inactive
A3: L0002 | B3: Landlord_2 | C3: 3 | D3: New York | E3: Inactive
A4: L0003 | B4: Landlord_3 | C4: 5 | D4: Houston | E4: Inactive
A5: L0004 | B5: Landlord_4 | C5: 1 | D5: New York | E5: Active
A6: L0005 | B6: Landlord_5 | C6: 3 | D6: Phoenix | E6: Active
A7: L0006 | B7: Landlord_6 | C7: 2 | D7: Phoenix | E7: Active
A8: L0007 | B8: Landlord_7 | C8: 8 | D8: Boston | E8: Active
A9: L0008 | B9: Landlord_8 | C9: 6 | D9: Houston | E9: Active
A10: L0009 | B10: Landlord_9 | C10: 8 | D10: Los Angeles | E10: Active
A11: L0010 | B11: Landlord_10 | C11: 10 | D11: New York | E11: Inactive
A12: L0011 | B12: Landlord_11 | C12: 10 | D12: Phoenix | E12: Inactive
A13: L0012 | B13: Landlord_12 | C13: 9 | D13: Phoenix | E13: Inactive
... A31: L0030 | B31: Landlord_30 | C31: 6 | D31: San Francisco | E31: Active

Sheet Properties
A1: Property_ID | B1: Landlord_ID | C1: Property_Type | D1: Area_sqft | E1: Location | F1: Monthly_Rent | G1: Property_Status | H1: Landlord_Name | I1: City
A2: P0001 | B2: L0018 | C2: Commercial | D2: 3280 | E2: Downtown | F2: 2250 | G2: Occupied | H2: =VLOOKUP(Properties[[#This Row],[Landlord_ID]],Landlords[],2,FALSE) -> Landlord_18 | I2: =_xlfn.XLOOKUP(Properties[[#This Row],[Landlord_ID]],Landlords[Landlord_ID],Landlords[City]) -> Chicago
A3: P0002 | B3: L0018 | C3: Residential | D3: 2401 | E3: Downtown | F3: 953 | G3: Available | H3: =VLOOKUP(Properties[[#This Row],[Landlord_ID]],Landlords[],2,FALSE) -> Landlord_18 | I3: =_xlfn.XLOOKUP(Properties[[#This Row],[Landlord_ID]],Landlords[Landlord_ID],Landlords[City]) -> Chicago
A4: P0003 | B4: L0011 | C4: Commercial | D4: 693 | E4: Downtown | F4: 7221 | G4: Available | H4: =VLOOKUP(Properties[[#This Row],[Landlord_ID]],Landlords[],2,FALSE) -> Landlord_11 | I4: =_xlfn.XLOOKUP(Properties[[#This Row],[Landlord_ID]],Landlords[Landlord_ID],Landlords[City]) -> Phoenix
A5: P0004 | B5: L0013 | C5: Residential | D5: 1530 | E5: Business District | F5: 3547 | G5: Occupied | H5: =VLOOKUP(Properties[[#This Row],[Landlord_ID]],Landlords[],2,FALSE) -> Landlord_13 | I5: =_xlfn.XLOOKUP(Properties[[#This Row],[Landlord_ID]],Landlords[Landlord_ID],Landlords[City]) -> San Francisco
A6: P0005 | B6: L0010 | C6: Commercial | D6: 2253 | E6: Business District | F6: 7373 | G6: Available | H6: =VLOOKUP(Properties[[#This Row],[Landlord_ID]],Landlords[],2,FALSE) -> Landlord_10 | I6: =_xlfn.XLOOKUP(Properties[[#This Row],[Landlord_ID]],Landlords[Landlord_ID],Landlords[City]) -> New York
A7: P0006 | B7: L0027 | C7: Residential | D7: 4250 | E7: Suburb | F7: 7573 | G7: Occupied | H7: =VLOOKUP(Properties[[#This Row],[Landlord_ID]],Landlords[],2,FALSE) -> Landlord_27 | I7: =_xlfn.XLOOKUP(Properties[[#This Row],[Landlord_ID]],Landlords[Landlord_ID],Landlords[City]) -> Chicago
A8: P0007 | B8: L0021 | C8: Residential | D8: 3097 | E8: Uptown | F8: 4999 | G8: Available | H8: =VLOOKUP(Properties[[#This Row],[Landlord_ID]],Landlords[],2,FALSE) -> Landlord_21 | I8: =_xlfn.XLOOKUP(Properties[[#This Row],[Landlord_ID]],Landlords[Landlord_ID],Landlords[City]) -> Houston
A9: P0008 | B9: L0024 | C9: Commercial | D9: 1621 | E9: Business District | F9: 2128 | G9: Occupied | H9: =VLOOKUP(Properties[[#This Row],[Landlord_ID]],Landlords[],2,FALSE) -> Landlord_24 | I9: =_xlfn.XLOOKUP(Properties[[#This Row],[Landlord_ID]],Landlords[Landlord_ID],Landlords[City]) -> Boston
A10: P0009 | B10: L0016 | C10: Commercial | D10: 1637 | E10: Uptown | F10: 3753 | G10: Available | H10: =VLOOKUP(Properties[[#This Row],[Landlord_ID]],Landlords[],2,FALSE) -> Landlord_16 | I10: =_xlfn.XLOOKUP(Properties[[#This Row],[Landlord_ID]],Landlords[Landlord_ID],Landlords[City]) -> Chicago
A11: P0010 | B11: L0021 | C11: Commercial | D11: 1355 | E11: Business District | F11: 7448 | G11: Occupied | H11: =VLOOKUP(Properties[[#This Row],[Landlord_ID]],Landlords[],2,FALSE) -> Landlord_21 | I11: =_xlfn.XLOOKUP(Properties[[#This Row],[Landlord_ID]],Landlords[Landlord_ID],Landlords[City]) -> Houston
A12: P0011 | B12: L0013 | C12: Residential | D12: 2976 | E12: Suburb | F12: 5391 | G12: Occupied | H12: =VLOOKUP(Properties[[#This Row],[Landlord_ID]],Landlords[],2,FALSE) -> Landlord_13 | I12: =_xlfn.XLOOKUP(Properties[[#This Row],[Landlord_ID]],Landlords[Landlord_ID],Landlords[City]) -> San Francisco
A13: P0012 | B13: L0001 | C13: Commercial | D13: 4190 | E13: Suburb | F13: 6182 | G13: Occupied | H13: =VLOOKUP(Properties[[#This Row],[Landlord_ID]],Landlords[],2,FALSE) -> Landlord_1 | I13: =_xlfn.XLOOKUP(Properties[[#This Row],[Landlord_ID]],Landlords[Landlord_ID],Landlords[City]) -> San Francisco
... A101: P0100 | B101: L0026 | C101: Residential | D101: 3173 | E101: Business District | F101: 4773 | G101: Occupied | H101: =VLOOKUP(Properties[[#This Row],[Landlord_ID]],Landlords[],2,FALSE) -> Landlord_26 | I101: =_xlfn.XLOOKUP(Properties[[#This Row],[Landlord_ID]],Landlords[Landlord_ID],Landlords[City]) -> Houston

Sheet Clients
A1: Client_ID | B1: Client_Name | C1: Client_Type | D1: Budget | E1: Preferred_Location
A2: C0001 | B2: Client_1 | C2: Corporate | D2: 4015 | E2: Suburb
A3: C0002 | B3: Client_2 | C3: Corporate | D3: 1223 | E3: Suburb
A4: C0003 | B4: Client_3 | C4: Individual | D4: 3285 | E4: Downtown
A5: C0004 | B5: Client_4 | C5: Corporate | D5: 3970 | E5: Uptown
A6: C0005 | B6: Client_5 | C6: Corporate | D6: 8079 | E6: Uptown
A7: C0006 | B7: Client_6 | C7: Corporate | D7: 3654 | E7: Uptown
A8: C0007 | B8: Client_7 | C8: Individual | D8: 6875 | E8: Uptown
A9: C0008 | B9: Client_8 | C9: Individual | D9: 5766 | E9: Business District
A10: C0009 | B10: Client_9 | C10: Corporate | D10: 6686 | E10: Business District
A11: C0010 | B11: Client_10 | C11: Individual | D11: 5307 | E11: Suburb
A12: C0011 | B12: Client_11 | C12: Corporate | D12: 3385 | E12: Suburb
A13: C0012 | B13: Client_12 | C13: Individual | D13: 5492 | E13: Business District
... A101: C0100 | B101: Client_100 | C101: Individual | D101: 8877 | E101: Business District

Sheet Transactions
A1: Transaction_ID | B1: Property_ID | C1: Client_ID | D1: Transaction_Date | E1: Rent_Value | F1: Contract_Duration_Months | G1: Client_Name | H1: City | I1: Property_Type | J1: Landlord_Name
A2: T0001 | B2: P0089 | C2: C0021 | D2: 44789 | E2: 3640 | F2: 6 | G2: =_xlfn.XLOOKUP(Transactions!$C2,Clients[Client_ID],Clients[Client_Name]) -> Client_21 | H2: =_xlfn.XLOOKUP(Transactions!$B2,Properties[Property_ID],Properties[City]) -> San Francisco | I2: =_xlfn.XLOOKUP(Transactions!$B2,Properties[Property_ID],Properties[Property_Type]) -> Residential | J2: =_xlfn.XLOOKUP(Transactions!$B2,Properties[Property_ID],Properties[Landlord_Name]) -> Landlord_1
A3: T0002 | B3: P0013 | C3: C0016 | D3: 45402 | E3: 6163 | F3: 6 | G3: =_xlfn.XLOOKUP(Transactions!$C3,Clients[Client_ID],Clients[Client_Name]) -> Client_16 | H3: =_xlfn.XLOOKUP(Transactions!$B3,Properties[Property_ID],Properties[City]) -> Chicago | I3: =_xlfn.XLOOKUP(Transactions!$B3,Properties[Property_ID],Properties[Property_Type]) -> Commercial | J3: =_xlfn.XLOOKUP(Transactions!$B3,Properties[Property_ID],Properties[Landlord_Name]) -> Landlord_19
A4: T0003 | B4: P0032 | C4: C0057 | D4: 44586 | E4: 2443 | F4: 6 | G4: =_xlfn.XLOOKUP(Transactions!$C4,Clients[Client_ID],Clients[Client_Name]) -> Client_57 | H4: =_xlfn.XLOOKUP(Transactions!$B4,Properties[Property_ID],Properties[City]) -> Chicago | I4: =_xlfn.XLOOKUP(Transactions!$B4,Properties[Property_ID],Properties[Property_Type]) -> Commercial | J4: =_xlfn.XLOOKUP(Transactions!$B4,Properties[Property_ID],Properties[Landlord_Name]) -> Landlord_18
A5: T0004 | B5: P0082 | C5: C0041 | D5: 44737 | E5: 4949 | F5: 36 | G5: =_xlfn.XLOOKUP(Transactions!$C5,Clients[Client_ID],Clients[Client_Name]) -> Client_41 | H5: =_xlfn.XLOOKUP(Transactions!$B5,Properties[Property_ID],Properties[City]) -> San Francisco | I5: =_xlfn.XLOOKUP(Transactions!$B5,Properties[Property_ID],Properties[Property_Type]) -> Residential | J5: =_xlfn.XLOOKUP(Transactions!$B5,Properties[Property_ID],Properties[Landlord_Name]) -> Landlord_25
A6: T0005 | B6: P0057 | C6: C0079 | D6: 45176 | E6: 6791 | F6: 18 | G6: =_xlfn.XLOOKUP(Transactions!$C6,Clients[Client_ID],Clients[Client_Name]) -> Client_79 | H6: =_xlfn.XLOOKUP(Transactions!$B6,Properties[Property_ID],Properties[City]) -> Houston | I6: =_xlfn.XLOOKUP(Transactions!$B6,Properties[Property_ID],Properties[Property_Type]) -> Commercial | J6: =_xlfn.XLOOKUP(Transactions!$B6,Properties[Property_ID],Properties[Landlord_Name]) -> Landlord_8
A7: T0006 | B7: P0003 | C7: C0068 | D7: 45353 | E7: 1474 | F7: 6 | G7: =_xlfn.XLOOKUP(Transactions!$C7,Clients[Client_ID],Clients[Client_Name]) -> Client_68 | H7: =_xlfn.XLOOKUP(Transactions!$B7,Properties[Property_ID],Properties[City]) -> Phoenix | I7: =_xlfn.XLOOKUP(Transactions!$B7,Properties[Property_ID],Properties[Property_Type]) -> Commercial | J7: =_xlfn.XLOOKUP(Transactions!$B7,Properties[Property_ID],Properties[Landlord_Name]) -> Landlord_11
A8: T0007 | B8: P0049 | C8: C0031 | D8: 45462 | E8: 3971 | F8: 12 | G8: =_xlfn.XLOOKUP(Transactions!$C8,Clients[Client_ID],Clients[Client_Name]) -> Client_31 | H8: =_xlfn.XLOOKUP(Transactions!$B8,Properties[Property_ID],Properties[City]) -> Houston | I8: =_xlfn.XLOOKUP(Transactions!$B8,Properties[Property_ID],Properties[Property_Type]) -> Commercial | J8: =_xlfn.XLOOKUP(Transactions!$B8,Properties[Property_ID],Properties[Landlord_Name]) -> Landlord_26
A9: T0008 | B9: P0093 | C9: C0092 | D9: 44920 | E9: 7206 | F9: 36 | G9: =_xlfn.XLOOKUP(Transactions!$C9,Clients[Client_ID],Clients[Client_Name]) -> Client_92 | H9: =_xlfn.XLOOKUP(Transactions!$B9,Properties[Property_ID],Properties[City]) -> New York | I9: =_xlfn.XLOOKUP(Transactions!$B9,Properties[Property_ID],Properties[Property_Type]) -> Commercial | J9: =_xlfn.XLOOKUP(Transactions!$B9,Properties[Property_ID],Properties[Landlord_Name]) -> Landlord_2
A10: T0009 | B10: P0025 | C10: C0089 | D10: 45104 | E10: 5854 | F10: 18 | G10: =_xlfn.XLOOKUP(Transactions!$C10,Clients[Client_ID],Clients[Client_Name]) -> Client_89 | H10: =_xlfn.XLOOKUP(Transactions!$B10,Properties[Property_ID],Properties[City]) -> Boston | I10: =_xlfn.XLOOKUP(Transactions!$B10,Properties[Property_ID],Properties[Property_Type]) -> Commercial | J10: =_xlfn.XLOOKUP(Transactions!$B10,Properties[Property_ID],Properties[Landlord_Name]) -> Landlord_24
A11: T0010 | B11: P0027 | C11: C0058 | D11: 45001 | E11: 5491 | F11: 18 | G11: =_xlfn.XLOOKUP(Transactions!$C11,Clients[Client_ID],Clients[Client_Name]) -> Client_58 | H11: =_xlfn.XLOOKUP(Transactions!$B11,Properties[Property_ID],Properties[City]) -> San Francisco | I11: =_xlfn.XLOOKUP(Transactions!$B11,Properties[Property_ID],Properties[Property_Type]) -> Residential | J11: =_xlfn.XLOOKUP(Transactions!$B11,Properties[Property_ID],Properties[Landlord_Name]) -> Landlord_29
A12: T0011 | B12: P0048 | C12: C0026 | D12: 45414 | E12: 3046 | F12: 6 | G12: =_xlfn.XLOOKUP(Transactions!$C12,Clients[Client_ID],Clients[Client_Name]) -> Client_26 | H12: =_xlfn.XLOOKUP(Transactions!$B12,Properties[Property_ID],Properties[City]) -> Houston | I12: =_xlfn.XLOOKUP(Transactions!$B12,Properties[Property_ID],Properties[Property_Type]) -> Residential | J12: =_xlfn.XLOOKUP(Transactions!$B12,Properties[Property_ID],Properties[Landlord_Name]) -> Landlord_26
A13: T0012 | B13: P0083 | C13: C0059 | D13: 44610 | E13: 2094 | F13: 36 | G13: =_xlfn.XLOOKUP(Transactions!$C13,Clients[Client_ID],Clients[Client_Name]) -> Client_59 | H13: =_xlfn.XLOOKUP(Transactions!$B13,Properties[Property_ID],Properties[City]) -> New York | I13: =_xlfn.XLOOKUP(Transactions!$B13,Properties[Property_ID],Properties[Property_Type]) -> Commercial | J13: =_xlfn.XLOOKUP(Transactions!$B13,Properties[Property_ID],Properties[Landlord_Name]) -> Landlord_2
... A101: T0100 | B101: P0088 | C101: C0033 | D101: 44717 | E101: 4597 | F101: 12 | G101: =_xlfn.XLOOKUP(Transactions!$C101,Clients[Client_ID],Clients[Client_Name]) -> Client_33 | H101: =_xlfn.XLOOKUP(Transactions!$B101,Properties[Property_ID],Properties[City]) -> Houston | I101: =_xlfn.XLOOKUP(Transactions!$B101,Properties[Property_ID],Properties[Property_Type]) -> Commercial | J101: =_xlfn.XLOOKUP(Transactions!$B101,Properties[Property_ID],Properties[Landlord_Name]) -> Landlord_26

Sheet Pivot Tables
A1: Total Rent by City | D1: Revenue by Property Type | G1: Top Landlords by Rental Revenue
A2: City | B2: Sum of Rent_Value | D2: Property_Type | E2: Sum of Rent_Value | G2: Landlords | H2: Sum of Rent_Value
A3: San Francisco | B3: 134095 | D3: Commercial | E3: 214964 | G3: Landlord_19 | H3: 54040
A4: Grand Total | B4: 134095 | D4: Residential | E4: 225920 | G4: Landlord_29 | H4: 49804
D5: Grand Total | E5: 440884 | G5: Landlord_26 | H5: 34559
G6: Landlord_15 | H6: 28824
G7: Landlord_13 | H7: 28053
G8: Landlord_17 | H8: 23971
G9: Landlord_9 | H9: 23598
G10: Landlord_25 | H10: 21586
G11: Landlord_3 | H11: 18875
A12: Occupany rate | G12: Landlord_12 | H12: 16315
A13: Row Labels | B13: Count of Property_ID | G13: Landlord_14 | H13: 15815
A14: Available | B14: 44 | G14: Landlord_5 | H14: 14218
A15: Occupied | B15: 56 | G15: Landlord_2 | H15: 13075
A16: Grand Total | B16: 100 | G16: Landlord_20 | H16: 12199
G17: Landlord_28 | H17: 11444
G18: Landlord_1 | H18: 10681
G19: Landlord_11 | H19: 10591
G20: Landlord_6 | H20: 9603
G21: Landlord_10 | H21: 9483
G22: Landlord_8 | H22: 6791
G23: Landlord_4 | H23: 6431
G24: Landlord_21 | H24: 6297
G25: Landlord_24 | H25: 5854
G26: Landlord_18 | H26: 3551
G27: Landlord_27 | H27: 2767
G28: Landlord_7 | H28: 2459
G29: Grand Total | H29: 440884

Sheet ValidationList
A1: PropertyTypeList | B1: PropertyStatusList
A2: Residential | B2: Occupied
A3: Commercial | B3: Available

Sheet Real_Estate_Dashboard
A2: Metrics | B2: Total properties | C2: Occupied properties | D2: Available Properties | E2: Total Rental Revenue | F2: No of active landlords
A3: Value | B3: =COUNTA(Properties[Property_ID]) -> 100 | C3: =COUNTIF(Properties[Property_Status],"Occupied") -> 56 | D3: =COUNTIF(Properties[Property_Status],"Available") -> 44 | E3: =SUM(Transactions[Rent_Value]) -> 440884 | F3: =COUNTIF(Landlords[Contact_Status],"Active") -> 10
A9: Occupied vs Available Properties | E9: Revenue by property Type | I9: Total Rent by City
